id,1,2,4,5,6,8,9,10,11,12,13,15,16,17,18,19,20,21,22,23,24,25,26,27,28,29,30,31,32,33,34,35,36,37,38,39,40,41,42,44,45,46,47,48,49,50,51,53,54,55,56
B01003_001E,4858979,738432,6828065,2978204,39144818,5456574,3590886,945934,672228,20271272,10214860,1431603,1654930,12859995,6619680,3123899,2911641,4425092,4670724,1329328,6006401,6794422,9922576,5489594,2992333,6083672,1032949,1896190,2890845,1330608,8958013,2085109,19795791,10042802,756928,11613423,3911338,4028977,12802503,1056298,4896146,858469,6600299,27469114,2995919,626042,8382993,7170351,1844128,5771337,586107
B01001_002E,2352810,388695,3387385,1463576,19440558,2741020,1752063,458208,319705,9891238,4975458,724635,826819,6310435,3253089,1549289,1449224,2174892,2286299,651030,2912348,3297384,4877067,2730030,1448495,2983645,519026,942589,1447456,657716,4374892,1035143,9616592,4896006,388152,5683951,1939555,1992162,6262246,511773,2385096,431540,3214689,13625413,1506383,308552,4126326,3585221,908559,2868297,295102
B01001_003E,146407,27883,219078,94916,1282484,169905,95079,28449,22126,560755,333118,46558,55420,396335,211439,98619,100159,139784,158418,32056,186793,187224,293168,181536,93965,191272,30602,66216,91243,33382,271020,69734,608138,307442,25737,351987,135977,117053,366394,28105,148118,30412,202631,1000580,127854,15328,262095,226840,50634,172242,20116
B01001_004E,161740,26777,231399,105083,1292517,183504,105834,25897,16204,579297,373844,43450,66760,423658,218504,107752,99092,142664,164406,35922,192933,188483,307566,183490,113808,195984,32316,66176,99906,35276,279420,72077,583125,325417,25734,370501,141068,121235,380917,30133,153937,32092,212051,1048890,134505,16394,265498,237103,53275,185345,18699
B01001_005E,158823,25914,235333,100588,1288636,181210,116006,31599,13429,583543,351831,44234,61759,426517,236534,102608,105202,145447,156602,39426,191787,205101,322082,183353,97311,200645,32485,68926,92588,40474,288642,71791,592975,338814,21733,383538,135902,123921,384265,30910,157904,27736,213939,1017766,132136,18433,267522,221051,53829,189708,21436
B01001_006E,98678,15522,139977,63725,790063,106186,74259,18300,8317,364062,220914,24263,37320,262257,137994,63167,62847,88691,95421,24727,117077,128790,206123,110015,64221,124384,20039,39160,56390,25676,183414,42125,374891,199908,13890,239727,81123,77500,246697,19221,101030,18070,131094,607317,74421,11589,161405,138875,33971,115591,10556
B01001_007E,67288,11287,97343,45041,543195,75535,53814,12595,10034,250286,152479,15891,22317,174474,95855,52603,44074,61282,66589,17329,77913,102112,139641,73466,49009,88361,16088,26676,34100,20550,114064,29552,265499,148066,12449,160823,58427,49840,182500,17563,73428,13818,89434,399672,44600,11665,121561,92709,25657,78534,8651
B01001_008E,36997,7908,53472,18839,300586,37086,26723,7172,6270,143476,78659,11100,10371,86814,48917,24025,24970,36332,34158,8593,43857,52873,72647,35268,21040,45189,8419,14358,17593,8684,59072,13738,143388,73977,8080,82692,30283,25132,94081,9078,36764,6788,48625,221517,21618,5119,61755,54192,13602,40675,5964
B01001_009E,37795,7159,52454,20097,299747,44914,23980,6344,7050,126712,70693,12058,9145,93472,52147,23240,24396,32450,34558,8549,41146,50900,76151,35402,24457,45692,6664,15875,18757,9977,61851,15948,142335,78340,7178,82251,28501,27241,90952,8307,37414,5333,47598,206057,25600,5801,64552,50647,12271,42295,4579
B01001_010E,93612,21909,142563,60749,894175,120427,77341,18887,13855,391755,221193,36316,37918,273855,147494,65656,66657,88410,99941,23579,120402,144377,214291,112572,62147,123601,22283,41690,59274,27177,173479,47509,423553,222422,21736,225291,86713,81716,250472,21700,102780,18449,134445,607553,81140,12258,179119,151221,34407,122495,11161
B01001_011E,154285,33887,242389,95009,1544924,217865,112008,32273,36112,675671,351532,62284,54635,443615,213198,96375,97937,142757,164077,37405,210455,241483,318825,183616,96950,199598,31590,62232,107118,39897,291043,72900,746737,325820,33827,383942,135959,140297,431677,37727,163416,28516,216640,1023478,108949,17728,300494,273811,55353,181465,20930
B01001_012E,150527,30046,229041,95370,1449919,210800,111287,28803,35515,627732,332716,54767,55141,445697,207189,102408,98837,137015,163621,36935,201818,225695,296002,193667,88000,198015,34025,66796,101953,39587,291221,69345,685579,310159,29465,359632,135299,139215,399117,34016,151541,28717,209707,995886,114495,18026,291057,266399,53204,188303,20643
B01001_013E,147593,26006,216744,92036,1318183,193545,107626,29769,25775,605834,333577,46202,55273,424611,206802,94746,89932,138648,154691,35385,188336,206137,286193,179014,94022,184869,31031,62351,99288,36078,282908,66498,617387,310971,23898,348024,122410,145395,371493,30082,141864,26201,199769,936676,112613,17336,277376,241777,56038,175573,20585
B01001_014E,149521,21772,208861,90385,1283506,185779,103436,24136,22250,614164,336413,45062,47774,410283,204796,91453,85442,144106,134251,39896,186225,205207,297032,162877,93008,180208,29722,56616,96787,41335,293642,58905,609041,330301,22717,347470,119025,121401,375444,31104,149512,24797,216234,921064,92397,17014,268637,227832,60212,177554,17010
B01001_015E,148508,22271,206212,91972,1300955,176177,124131,29182,19418,642119,343840,43170,48573,419310,209685,94464,86186,141949,135208,44696,199546,227054,325252,176710,85206,185298,29927,52744,100557,46603,312738,58526,654188,328893,20420,369287,112902,127005,418132,34110,151799,23580,213134,859529,79140,20577,276153,233567,59857,188906,15905
B01001_016E,165317,26194,211067,98711,1311936,179889,135709,33392,19345,703124,340056,44416,50586,442307,225227,105945,95623,155631,153825,51722,218360,248220,355045,196752,95930,213708,34947,61869,98852,54367,332533,66816,690102,336393,24884,407807,125959,130461,457851,37776,163652,29145,223368,871497,76041,23351,295670,243444,63283,211102,18512
B01001_017E,162458,25185,198791,94802,1210082,174742,131729,30517,18900,654555,310114,48517,49310,426908,218424,104204,97796,150028,149813,52612,203535,231913,355957,190376,97970,202814,35651,61594,90792,54731,315510,68866,652623,319016,24661,403897,123300,127554,462614,39490,152514,30211,218033,802617,68809,24331,272547,240288,65605,211430,21149
B01001_018E,58472,10403,73256,34558,449894,67746,47203,13014,6166,245464,113404,16925,21376,159249,85171,43814,32626,58788,56871,20169,72229,87365,137047,69964,35718,78878,15988,24096,33257,18135,108027,25417,242415,121942,10196,154728,47520,56349,179274,12518,60448,10954,80653,294691,30530,9941,101648,89926,27801,78343,9380
B01001_019E,85484,13524,114333,49370,581202,92090,62109,15916,8168,351338,147417,22625,28944,209814,112127,56766,49570,75151,79592,28764,94572,115930,178627,100800,45747,109078,22062,31929,49537,26379,143291,35655,322833,159246,13355,213394,63203,79388,228226,17043,86026,15431,109011,382512,38936,13369,134807,121934,38432,104841,10571
B01001_020E,52587,6592,69270,30707,354891,54989,36548,11527,3500,224591,91367,16079,18338,122558,66989,33092,28833,46780,48236,17499,55907,67476,109378,55302,33372,62388,14673,19238,30058,15830,84165,24768,198159,108538,8298,127082,39458,46297,139807,12366,52586,10365,67874,227050,23425,8616,83163,77232,22270,66390,5826
B01001_021E,70314,8839,100367,44650,472925,71442,47540,13389,6188,340360,125585,22606,24923,160697,84462,41674,37103,62165,60477,24659,80496,92339,145808,72091,36954,82928,17793,22446,43696,20824,116984,27366,251396,142246,8958,168171,50458,67452,192922,13834,80412,12294,102729,309841,27806,10955,111252,100398,33547,83517,9513
B01001_022E,85736,9494,137331,55988,559778,82115,61784,19705,9231,450472,153755,26048,27610,199651,109109,53874,46065,78997,68946,28221,91996,112994,174497,89088,50177,105934,20202,30865,54343,25971,143353,40112,307082,167005,10719,190697,66435,76519,226100,17894,96255,13645,115331,364039,35572,12064,136167,122595,38712,94038,9862
B01001_023E,56675,4699,96547,36867,389726,51074,40859,11673,4795,334520,94208,16559,20663,136651,74396,38984,32044,50927,50073,20152,61295,72236,120529,61192,34917,74330,14701,20732,36143,16708,97020,25767,220110,114717,8140,133423,45400,50176,161035,11947,59804,9774,76781,243272,24546,7291,89046,79012,25502,69663,6393
B01001_024E,37707,3220,59887,22697,272240,32386,27323,8173,3038,223474,57748,10862,13159,90421,46058,28208,24061,33259,31360,12061,40879,52518,78700,42390,20199,48723,10067,14899,21303,10154,65803,16802,146813,72693,6322,94632,29370,32461,113716,9287,34505,7500,48821,159545,17683,6337,57153,52389,17164,49267,4300
B01001_025E,26286,2204,51670,21416,248994,31614,29735,7496,4019,197934,40995,14643,9504,81281,40572,25612,19772,23631,25165,10673,34791,50957,66506,41089,14367,41748,7751,15105,13921,9921,65692,14926,138223,53680,5755,84955,24863,28554,108560,7562,29387,7712,36787,124364,13567,5029,47649,41979,13933,41020,3361
B01001_026E,2506169,349737,3440680,1514628,19704260,2715554,1838823,487726,352523,10380034,5239402,706968,828111,6549560,3366591,1574610,1462417,2250200,2384425,678298,3094053,3497038,5045509,2759564,1543838,3100027,513923,953601,1443389,672892,4583121,1049966,10179199,5146796,368776,5929472,1971783,2036815,6540257,544525,2511050,426929,3385610,13843701,1489536,317490,4256667,3585130,935569,2903040,291005
B01001_027E,138715,26878,210782,93788,1225165,163634,91449,26996,21104,537518,316242,45535,56427,383331,207770,96465,96907,133582,146427,31796,179834,178159,277487,169391,94884,183098,29818,64448,85690,30127,258234,64496,576950,291416,26435,337301,126974,112086,348498,26288,139370,29185,196606,966128,122115,14844,248822,217831,51320,164601,18034
B01001_028E,156432,25525,224756,93971,1248196,176380,101909,26745,16358,558363,343592,42258,58146,398266,212513,98936,100505,135924,160757,33427,182469,186118,290623,173063,100464,198019,32529,65922,91327,34553,268746,69476,552240,317173,24127,348361,130760,123415,369214,31043,156940,28044,202594,1003226,126837,15841,262111,224907,49947,180956,20811
B01001_029E,149658,22836,224721,98877,1231080,175821,108660,29717,13061,562617,357194,41267,61726,419060,218159,100865,97216,138886,143195,35494,182014,191164,314846,178001,103754,183196,30761,62708,97196,39192,278133,68546,569946,315697,21502,370286,132205,114278,363499,27148,145052,28166,209221,985959,124099,16078,250087,213805,53244,174598,18954
B01001_030E,97955,15056,135482,54996,758277,100132,70129,16497,7239,356834,205679,23641,34623,250761,136821,60341,58306,85605,90959,23011,114825,122155,195929,104049,59600,115968,17677,37074,54215,24651,171256,41171,354902,192183,12156,228107,77088,71664,232536,19027,86957,15975,125664,578918,70366,11653,152274,131558,33227,108998,10894
B01001_031E,68303,8512,92012,39233,515225,70041,52202,13324,12935,239381,147555,14107,23348,169537,95703,44850,43018,61378,58853,15976,77885,103848,134366,69439,48624,81433,12952,27122,30966,20874,107996,27904,260309,138099,11178,151063,53359,48825,182129,17839,68238,12258,86084,382750,45815,9532,114254,87568,21970,75067,9893
B01001_032E,30497,4742,48762,20117,279612,33026,26933,7797,5474,137789,74996,8479,11819,94623,51888,22931,21280,34789,33914,9588,40967,48497,73308,36251,23118,41575,5712,13098,18837,8044,54883,15604,148970,65044,4915,80783,27513,25910,86304,9037,32838,6678,45217,194000,22189,6223,61858,43412,12612,41733,4665
B01001_033E,36955,5734,47202,24042,274334,34849,21715,5385,6194,124543,72047,8461,11283,88317,49395,23958,21434,28492,35037,8040,38266,53380,66863,35398,25100,41436,6594,14573,18829,9256,55146,16506,142252,71448,5203,81585,28481,27204,87896,8818,33782,5508,46301,198575,26882,5379,55142,48804,11217,40182,2999
B01001_034E,96872,15267,135775,56323,836263,112071,70135,17594,19694,360060,211057,28071,30566,256780,134974,63379,57099,82586,96234,20575,115747,144597,209138,107965,58494,126607,21681,39585,55767,25501,166273,41384,414845,194712,22858,222657,79101,77496,240422,21998,101762,16849,135308,577345,73793,11251,169620,140514,32598,119320,9948
B01001_035E,163670,28960,224738,101710,1452038,200642,107967,32861,41909,658457,349723,50706,53509,439002,211814,95445,91760,143532,174360,38787,212321,242102,309902,177789,94465,199044,31310,57980,102687,38066,281557,63879,747344,338870,25923,380065,131969,134134,422187,37561,162303,27096,223378,978613,106746,16830,292578,254989,56245,172211,19957
B01001_036E,155990,25885,218593,93302,1385831,197830,111514,30411,38951,631393,349297,48639,53525,444898,209821,98524,95965,138198,168542,38837,209539,232496,296829,190639,94506,199552,31732,65644,100152,37765,288159,66302,695920,323281,24885,362724,132728,139664,395660,33716,154319,27594,216076,979887,110316,18149,288676,255165,53072,183477,20910
B01001_037E,156724,22807,210024,92722,1294461,188613,101015,29231,27301,614156,356806,42331,52206,429959,208599,93336,89006,138337,146403,35163,202206,208153,290733,167554,96689,190603,31808,61514,93826,35887,292303,58245,644018,324365,20601,343785,116290,139310,369291,32081,150146,24969,210547,939911,108116,19481,282940,230433,56691,171619,18662
B01001_038E,158355,21071,209645,92356,1294220,170052,120427,27591,21093,629318,361397,44182,49252,407752,202401,88524,82850,142381,142727,42228,192962,219106,301449,166492,101768,178064,26072,51965,98221,43114,300044,63024,628326,347249,19324,361532,121658,121269,385627,30415,158927,22381,214610,927784,89130,16020,266949,226727,57503,171949,15883
B01001_039E,155891,21255,206457,90392,1298115,171119,132695,31867,19534,661291,354565,43083,47663,425167,210470,93290,82894,142910,147296,46128,214740,240737,329187,173235,93762,189005,28493,54481,95022,48622,328049,59537,683366,340908,18810,376886,114292,126998,423814,36234,159938,23827,219531,875858,76242,21178,288107,227536,58271,185759,15711
B01001_040E,174290,23606,219236,102507,1332135,183846,144623,34995,19056,736798,362584,43930,52142,457984,233047,106173,97654,160988,161427,53603,236016,260391,365818,197893,100699,219294,35580,62007,96419,55781,350206,71845,733308,358213,24455,421685,128592,133365,474383,40692,176549,28057,237906,889642,76316,25282,309508,243696,65179,213126,19845
B01001_041E,172912,25470,217033,103344,1270074,177864,137229,35389,18864,705303,335330,48470,53457,449818,234147,105892,98175,160054,162538,57663,217845,245722,374057,199835,104263,225676,38572,64575,90407,55654,330636,73140,699846,351393,25063,432361,129492,137412,482456,39768,178138,29969,241153,829329,75735,25140,292602,247204,66694,215333,22335
B01001_042E,69783,9699,86143,37317,471946,74091,50809,13546,7817,283779,129194,17558,20391,168185,88180,41907,38412,61657,63208,20380,82094,94727,141671,72128,38383,81304,16058,22595,37901,20722,120415,27774,271398,131872,8600,159816,51034,58891,185656,16175,67629,11588,87056,315116,29599,11194,112261,96308,28070,79808,7124
B01001_043E,90625,10474,124387,53842,646284,97591,67918,18919,10119,408552,173043,25894,28961,229154,117151,60086,51762,82532,83197,30299,112702,129980,198080,96636,54290,111256,22830,32904,53279,26134,161151,40280,354595,188207,13576,229881,70200,86575,251632,19043,97157,15562,120901,427264,39997,13623,145864,131652,42476,107435,11088
B01001_044E,57793,5761,85919,34607,399486,59720,38634,12849,6265,271458,106290,18906,16327,137070,67910,33581,30166,52191,50482,19768,69165,79660,121287,57871,31882,69011,13067,19200,32159,16598,96836,26208,226265,116017,6007,140073,42295,52477,155034,11894,66237,8607,76437,253639,23304,8379,97196,81150,26706,67045,5651
B01001_045E,79947,8416,109666,47741,532755,76408,55150,17727,9103,376837,146697,22205,25393,184091,99916,45331,40657,71566,67601,25124,89542,101853,160080,77947,48631,94508,15987,25940,46223,22843,141880,34910,299081,169225,8885,187849,59428,71995,209366,16811,89339,10937,112423,340242,31414,11687,124893,110498,35474,84890,7883
B01001_046E,103742,9016,150305,65721,662064,92098,74647,20581,9805,521404,185621,27998,32986,236139,127273,60421,52435,89947,87571,31370,110929,135721,197556,99329,61021,125434,23668,35162,57873,27305,171102,43274,379808,203944,13723,230425,76185,81406,276635,21853,106009,16854,132853,433898,39212,13014,155492,132278,40836,110657,10838
B01001_047E,79124,4875,107815,44074,488273,61363,52147,15318,7516,381201,122947,19414,22712,177378,95165,48424,40916,65383,61855,22761,81874,92753,146401,75991,43881,91443,15670,26638,38386,20712,121537,29953,285144,146862,8890,175710,58401,58250,209158,14719,71581,12335,96237,306728,28566,9635,109061,88969,31184,85478,6820
B01001_048E,56304,4509,71652,35444,367888,47149,41508,10253,5470,289486,87994,16871,14628,135795,69640,38143,33870,46082,50907,16929,59253,80831,112989,59186,32109,71674,12192,20853,24695,13609,104775,22461,217864,107406,8817,134226,42100,41546,173051,12283,52156,11246,71887,225582,21877,7487,82318,64916,24145,63149,5782
B01001_049E,55632,3383,79575,38202,440538,51214,59408,12133,7661,333496,89552,24962,17021,166493,83834,53808,40130,53200,50935,21351,70858,104888,136910,73482,33451,82827,13160,27613,23312,17882,133804,24047,292502,113212,12843,172311,41638,52645,215809,20082,55683,13244,77620,233307,20870,9590,94054,85210,26888,85649,6318
B01002_001E,38.7,33.3,37.4,37.9,36.2,36.4,40.6,39.7,33.8,41.8,36.4,37.7,35.8,37.7,37.5,38.1,36.2,38.8,36.4,44.6,38.3,39.4,39.7,37.9,37,38.4,39.9,36.1,37.8,42.8,39.6,37.4,38.3,38.4,34.9,39.3,36.3,39.1,40.7,39.7,39,36.9,38.7,34.4,30.6,43.1,37.8,37.5,42.2,39.4,36.5
B01002_002E,37.2,32.8,36.1,36.6,35.1,35.5,38.6,37.9,33.4,40.3,35,36,35.2,36.4,36.3,36.8,35,37.5,35.1,43.3,36.7,37.8,38.3,36.9,35.6,36.9,38.9,35.2,37.2,41.6,38,35.9,36.8,36.8,34,37.8,35,38.1,39,38.4,37.2,36,37.4,33.4,30.1,41.4,36.5,36.6,41,38.2,35.9
B01002_003E,40,33.9,38.8,39.3,37.4,37.3,42.5,41.2,34.1,43.3,37.6,40,36.5,38.8,38.7,39.4,37.7,40.1,37.7,45.7,39.8,40.9,41,39,38.5,39.7,40.9,37.1,38.5,43.9,41.1,39.2,39.8,40,36.3,40.8,37.8,40.2,42.3,41.2,40.8,38.2,39.9,35.4,31.1,44.4,39.1,38.6,43.2,40.6,37.1
B01002_001E,38.7,33.3,37.4,37.9,36.2,36.4,40.6,39.7,33.8,41.8,36.4,37.7,35.8,37.7,37.5,38.1,36.2,38.8,36.4,44.6,38.3,39.4,39.7,37.9,37,38.4,39.9,36.1,37.8,42.8,39.6,37.4,38.3,38.4,34.9,39.3,36.3,39.1,40.7,39.7,39,36.9,38.7,34.4,30.6,43.1,37.8,37.5,42.2,39.4,36.5
B01002_002E,37.2,32.8,36.1,36.6,35.1,35.5,38.6,37.9,33.4,40.3,35,36,35.2,36.4,36.3,36.8,35,37.5,35.1,43.3,36.7,37.8,38.3,36.9,35.6,36.9,38.9,35.2,37.2,41.6,38,35.9,36.8,36.8,34,37.8,35,38.1,39,38.4,37.2,36,37.4,33.4,30.1,41.4,36.5,36.6,41,38.2,35.9
B01002_003E,40,33.9,38.8,39.3,37.4,37.3,42.5,41.2,34.1,43.3,37.6,40,36.5,38.8,38.7,39.4,37.7,40.1,37.7,45.7,39.8,40.9,41,39,38.5,39.7,40.9,37.1,38.5,43.9,41.1,39.2,39.8,40,36.3,40.8,37.8,40.2,42.3,41.2,40.8,38.2,39.9,35.4,31.1,44.4,39.1,38.6,43.2,40.6,37.1
B02001_001E,4858979,738432,6828065,2978204,39144818,5456574,3590886,945934,672228,20271272,10214860,1431603,1654930,12859995,6619680,3123899,2911641,4425092,4670724,1329328,6006401,6794422,9922576,5489594,2992333,6083672,1032949,1896190,2890845,1330608,8958013,2085109,19795791,10042802,756928,11613423,3911338,4028977,12802503,1056298,4896146,858469,6600299,27469114,2995919,626042,8382993,7170351,1844128,5771337,586107
B02001_002E,3329913,481314,5285994,2308047,23824254,4607390,2747943,654904,269143,15357374,6077438,372252,1514404,9238679,5559694,2826672,2465799,3865712,2914693,1258074,3395048,5373238,7801483,4614799,1758586,5011327,918701,1671988,1952341,1245262,6060267,1530670,12621132,6934715,667900,9519055,2838386,3433909,10386678,848845,3292094,725937,5129336,20587917,2611340,593056,5718051,5513655,1722847,4965524,536320
B02001_003E,1303298,26176,300685,469555,2277229,224809,380571,203863,318831,3280778,3197929,29644,8828,1844624,605660,106610,172109,355718,1502375,14795,1770161,499357,1378111,320267,1128475,709969,4725,90535,246720,21292,1198613,47873,3081333,2172492,15681,1426291,286314,76980,1408512,65504,1344114,13172,1110412,3298173,34524,7996,1612831,262552,71194,362290,4727
B02001_004E,20503,101133,308469,20797,282777,49138,8893,3121,1661,47032,28491,3899,23516,28792,15704,11554,27041,8914,22645,8966,15403,10663,53668,55212,11723,25808,65106,17360,33607,1561,16870,193512,69933,120513,37745,21901,286598,50126,25085,4563,13761,71102,19294,132948,35407,2698,22773,92403,2140,51752,12968
B02001_005E,59393,47295,217556,42404,5548936,162880,156249,36114,25944,544068,388457,531268,21145,674236,138664,68505,84221,59626,81039,13291,385167,430739,293157,258839,30540,114889,9071,39906,231566,34014,849240,29282,1672186,268322,10104,233468,78528,164291,420116,35540,70342,11911,107075,1248823,68945,8627,524476,568108,14137,156192,4885
B02001_006E,4448,6762,11284,7639,157554,9136,519,334,475,11898,4337,134232,1931,4514,2602,3282,2197,2765,1146,652,2911,1410,3757,1570,834,6199,1034,1221,18326,254,3556,1355,6446,4990,445,4995,3541,14239,4253,211,3361,737,2909,20071,23886,387,5506,46453,479,1643,260
B02001_007E,54105,12467,481631,65542,5300297,209890,180107,19157,34797,528266,284084,10135,37682,773685,140617,47404,67275,38122,51153,2957,250417,280631,120463,83169,26315,65614,7142,31466,264719,5663,585855,211620,1763351,300313,6119,98382,108268,106607,248488,65257,68788,10213,90293,1489855,135580,2129,203193,289942,3870,102235,10612
B02001_008E,87319,63285,222446,64220,1753771,193331,116604,28441,21377,501856,234124,350173,47424,295465,156739,59872,92999,94235,97673,30593,187294,198384,271937,155738,35860,149866,27170,43714,143566,22562,243612,70797,581410,241457,18934,309331,309703,182825,309371,36378,103686,25397,140980,691327,86237,11149,296163,397238,29461,131701,16335
B02001_009E,6354,3171,45251,6149,375682,30981,28025,3500,3583,87649,36148,7486,4921,54938,17634,5026,8380,6226,9547,1005,19864,30748,26374,11514,3785,11522,1003,4210,25019,1171,53981,24651,142861,26792,373,24736,16036,15955,41016,7465,11651,1323,12602,151197,12108,229,32653,36890,1372,16740,1724
B02001_010E,80965,60114,177195,58071,1378089,162350,88579,24941,17794,414207,197976,342687,42503,240527,139105,54846,84619,88009,88126,29588,167430,167636,245563,144224,32075,138344,26167,39504,118547,21391,189631,46146,438549,214665,18561,284595,293667,166870,268355,28913,92035,24074,128378,540130,74129,10920,263510,360348,28089,114961,14611
B09021_001E,3633087,524957,5054522,2191982,29225910,4086919,2712924,716806,515092,15751633,7456852,1077859,1194305,9605685,4855386,2296835,2113775,3288140,3428011,1038280,4521125,5160710,7493571,4076977,2172692,4522093,779411,1375794,2186657,1026327,6779314,1543827,15033569,7508213,559654,8675551,2843805,3083781,9691383,803570,3673476,615889,4956533,19674728,2040095,481143,6273346,5419698,1417727,4333786,433123
B09021_002E,552656,66756,679153,324908,3099390,564721,382373,93824,118347,2153463,983362,104180,162423,1408955,730723,362489,328177,488479,533824,161353,587746,738201,1136332,609483,313780,704836,130665,223009,298763,135510,825609,232737,2175156,1106581,95388,1393835,411001,433609,1446479,129553,536679,100299,708977,2379191,184180,77308,842528,736123,222608,674140,68358
B09021_003E,1727342,240916,2306783,1122193,12679226,2075282,1293833,340998,143766,6889130,3496206,464643,641061,4569862,2426037,1255076,1120120,1656160,1493941,529051,2083186,2376198,3642666,2182508,970455,2271154,405096,737917,913446,537619,3262324,683731,6308159,3658184,300526,4250762,1426465,1499836,4732393,349624,1734296,341149,2425550,9415818,1128808,246973,3093826,2728349,702281,2274935,234547
B09021_004E,154943,38412,377211,114796,1764188,265353,158176,49619,39795,972684,389470,59994,65887,554815,317843,163930,123726,206424,206813,96427,246287,341919,492734,288931,115601,293048,55615,89122,162101,79631,345515,100045,873608,440119,42888,608997,167270,233960,651286,52955,191388,43123,277523,1076252,86174,42993,343726,404128,91180,336724,27110
B09021_005E,495349,66551,612180,234999,4386397,387768,375485,94065,49087,2150453,1002433,157203,123254,1301340,569877,186781,205669,375572,494215,98327,632145,671084,932238,378782,315919,485860,67564,117972,262362,119165,1061685,220987,2244172,887907,31965,966028,303678,298803,1224686,107261,469925,42871,595271,2685455,265269,44137,751588,542289,166506,403942,34112
B09021_006E,542585,68815,747850,288196,4998854,460167,359111,100326,82955,2541884,1161402,203460,123796,1286608,570038,199965,222529,417568,528631,98393,685599,661386,905031,376621,365582,520001,69774,127183,381508,100516,1006893,231019,2433540,994991,46867,1048980,374227,347829,1187936,116419,548648,53769,692676,3080682,233953,37004,820334,589542,172292,404020,41241
B09021_007E,160212,43507,331345,106890,2297855,333628,143946,37974,81142,1044019,423979,88379,77884,484105,240868,128594,113554,143937,170587,54729,286162,371922,384570,240652,91355,247194,50697,80591,168477,53886,277288,75308,998934,420431,42020,406949,161164,269744,448603,47758,192540,34678,256536,1037330,141711,32728,421344,419267,62860,240025,27755
B09021_008E,1029932,187338,1498219,628225,9363171,1288232,727451,198119,206059,4165187,2256730,323785,356749,2862173,1411567,653820,645292,918524,1066596,243869,1309727,1473188,2091966,1184810,634479,1300061,214178,416098,649537,258019,1858390,457390,4511095,2140661,192278,2410813,871233,876835,2619241,229657,1034157,179718,1417748,6461979,752616,119405,1838572,1642844,356718,1205671,131996
B09021_009E,78368,13215,104882,48002,477709,104871,48323,11505,29458,273810,174879,13744,24590,235884,115209,61327,59285,69873,87540,15911,83411,101404,168069,104202,38749,113842,19456,46592,50454,17627,95568,29067,323671,169314,23286,210444,67066,62950,190011,15721,79096,19259,102617,482896,31701,7639,133626,122157,25655,112609,12929
B09021_010E,255643,53719,342395,193790,1839030,353480,142689,45009,31953,807237,551083,77601,113500,652490,375547,205973,200741,271216,250557,61605,275524,280524,469260,342014,143370,373720,61549,130418,136802,59999,379761,105967,795197,559430,66255,606230,269981,211544,602767,41590,250823,58670,390955,1699812,272102,25708,469657,464791,89454,320727,43004
B09021_011E,77493,17682,176213,58974,786192,145569,65688,22129,23337,378789,174934,24816,37180,264667,158702,91323,67535,100463,101426,37486,106945,153887,246642,142413,54320,136621,28907,46721,72434,34552,139214,48598,375707,216247,26530,289610,86224,113657,291537,26058,89199,24131,130613,549102,44823,20594,162022,194456,43615,165309,16252
B09021_012E,360265,56160,473470,172845,3566463,316983,302292,71670,34232,1596252,772781,109040,96142,1045827,450014,148850,167858,275795,360208,77381,503718,545496,730928,323162,233336,371193,51641,94471,202981,94190,871273,164621,1829892,666339,27180,754875,232784,234467,971679,85219,346479,35838,445303,2146251,215563,36255,594033,437679,117463,330584,27564
B09021_013E,166699,21836,226132,91293,1406175,142658,90301,26416,26102,619933,344713,54030,34724,355569,164972,55877,69462,117153,162921,20314,179992,160434,240833,112249,111130,145698,19539,41877,110674,20127,232992,68504,608155,272741,16598,295979,118629,98225,287937,30120,152792,18996,199459,962231,84553,7766,220983,168485,42437,110654,14343
B09021_014E,91464,24726,175127,63321,1287602,224671,78158,21390,60977,489166,238340,44554,50613,307736,147123,90470,80411,84024,103944,31172,160137,231443,236234,160770,53574,158987,33086,56019,76192,31524,139582,40633,578473,256590,32429,253675,96549,155992,275310,30949,115768,22824,148801,621687,103874,21443,258251,255276,38094,165788,17904
B09021_015E,1861066,268314,2454028,1104133,14803598,2104669,1447392,362071,236715,7718555,3931905,523440,598760,4982568,2517521,1167199,1062765,1720496,1731012,552080,2392199,2687521,3876849,2122648,1111221,2311006,392019,693349,1120984,558508,3623976,762279,7677010,3898219,266472,4499770,1416382,1563428,4979667,411611,1864541,309492,2552712,10083340,984862,255947,3273652,2767764,734024,2261726,220905
B09021_016E,262194,37393,316726,144072,1451155,276891,181247,43723,60040,941200,490698,48356,77445,650715,344517,159681,148290,238936,258242,74067,287118,343146,541169,279414,152393,321729,62685,94089,146061,65717,382134,113432,1020461,535675,38912,654454,184788,197610,653301,61187,259273,42317,340968,1139710,85180,36977,401047,350167,102484,304638,30589
B09021_017E,1077528,150617,1340901,675247,8417560,1324495,873156,207367,87121,4050939,2262602,274773,383119,3005419,1540790,766706,684810,1026799,927255,334502,1390992,1587781,2325498,1390218,605214,1397600,243760,454528,571936,356557,2231326,412659,4175365,2292928,175188,2693504,848031,932332,3011781,229218,1053726,205682,1496928,6051843,669813,161608,2000085,1699106,433885,1451885,145698
B09021_018E,70869,19273,175043,49516,872656,108319,80465,23879,15642,498260,196602,29840,25530,264368,143557,64782,51875,98043,96469,51507,122591,167906,221089,133592,56313,140096,23193,38084,79282,40457,184234,43654,444080,205568,15114,288343,73433,104064,324019,23278,91288,17070,133696,489534,38223,18884,162291,187366,42780,155302,9534
B09021_019E,130003,10321,136077,60760,797132,69071,71393,22121,14289,538194,224964,46551,26231,250017,117446,37066,36997,97713,131939,20430,125797,123557,196669,54774,81254,112518,15112,22437,58490,24577,187265,54862,406349,215690,4630,206456,69417,62769,246387,21538,120924,6778,146920,526024,48815,7667,152463,102194,47715,71579,6266
B09021_020E,263169,35204,366387,139441,2450258,234846,187837,52349,42715,1257472,598644,91035,64119,666674,292790,108120,112664,209924,262241,53325,359801,349044,473077,198451,184820,266116,34198,63064,189664,53922,524449,111541,1286329,509206,24676,530491,185043,174712,607395,61924,278606,27024,346686,1529786,110307,22041,422670,295976,87164,218314,20489
B09021_021E,57303,15506,118894,35097,814837,91047,53294,12632,16908,432490,158395,32885,22316,145375,78421,30844,28129,49081,54866,18249,105900,116087,119347,66199,31227,72947,13071,21147,75551,17278,114568,26131,344426,139152,7952,126522,55670,91941,136784,14466,60724,10621,87514,346443,32524,8770,135096,132955,19996,60008,8329
B09021_022E,742089,69305,1102275,459624,5059141,694018,538081,156616,72318,3867891,1268217,230634,238796,1760944,926298,475816,405718,649120,630403,242331,819199,1000001,1524756,769519,426992,911026,173214,266347,416136,209800,1296948,324158,2845464,1469333,100904,1764968,556190,643518,2092475,162302,774778,126679,986073,3129409,302617,105791,1161122,1009090,326985,866389,80222
B09021_023E,212094,16148,257545,132834,1170526,182959,152803,38596,28849,938453,317785,42080,60388,522356,270997,141481,120602,179670,188042,71375,217217,293651,427094,225867,122638,269265,48524,82328,102248,52166,347907,90238,831024,401592,33190,528937,159147,173049,603167,52645,198310,38723,265392,756585,67299,32692,307855,263799,94469,256893,24840
B09021_024E,394171,36580,623487,253156,2422636,397307,277988,88622,24692,2030954,682521,112269,144442,911953,509700,282397,234569,358145,316129,132944,416670,507893,847908,450276,221871,499834,99787,152971,204708,121063,651237,165105,1337597,805826,59083,951028,308453,355960,1117845,78816,429747,76797,537667,1664163,186893,59657,624084,564452,178942,502323,45845
B09021_025E,6581,1457,25955,6306,105340,11465,12023,3611,816,95635,17934,5338,3177,25780,15584,7825,4316,7918,8918,7434,16751,20126,25003,12926,4968,16331,3515,4317,10385,4622,22067,7793,53821,18304,1244,31044,7613,16239,35730,3619,10901,1922,13214,37616,3128,3515,19413,22306,4785,16113,1324
B09021_026E,5081,70,2633,1394,22802,1714,1800,274,566,16007,4688,1612,881,5496,2417,865,814,2064,2068,516,2630,2031,4641,846,1329,2149,811,1064,891,398,3147,1504,7931,5878,155,4697,1477,1567,6620,504,2522,255,3048,13180,891,215,5092,2416,1328,1779,282
B09021_027E,112717,11775,155331,57462,1142421,82663,80973,21561,14138,664479,218045,58395,24953,264365,112276,35968,40403,90491,103469,24754,145806,151908,191121,65921,69632,108187,16037,22242,81170,26467,249452,50974,539056,213044,5593,222510,70555,74892,292604,24375,117250,7749,146531,588665,39093,7197,176681,125081,42691,75052,6409
B09021_028E,11445,3275,37324,8472,195416,17910,12494,3952,3257,122363,27244,10940,4955,30994,15324,7280,5014,10832,11777,5308,20125,24392,28989,13683,6554,15260,4540,3425,16734,5084,23138,8544,76035,24689,1639,26752,8945,21811,36509,2343,16048,1233,20221,69200,5313,2515,27997,31036,4770,14229,1522
C05002_001E,4858979,738432,6828065,2978204,39144818,5456574,3590886,945934,672228,20271272,10214860,1431603,1654930,12859995,6619680,3123899,2911641,4425092,4670724,1329328,6006401,6794422,9922576,5489594,2992333,6083672,1032949,1896190,2890845,1330608,8958013,2085109,19795791,10042802,756928,11613423,3911338,4028977,12802503,1056298,4896146,858469,6600299,27469114,2995919,626042,8382993,7170351,1844128,5771337,586107
C05002_002E,4689007,679888,5913665,2835363,28456482,4919508,3071238,858425,577111,16185032,9191143,1178189,1560566,11033839,6298372,2975178,2705921,4267756,4484355,1284634,5094819,5698469,9270486,5032409,2920075,5840911,1011593,1767800,2332675,1250649,6980688,1888154,15265704,9248118,728279,11109512,3675988,3631684,11965344,913974,4663397,830624,6268729,22797819,2751452,597795,7364367,6190193,1814606,5492356,564108
C05002_003E,3403844,308448,2679897,1837618,21454567,2329855,1985475,431303,240836,7286501,5606595,759288,794787,8641354,4530700,2220360,1706031,3077946,3657607,851603,2837811,4187673,7598598,3716260,2140299,4023753,560555,1231432,744421,560452,4707500,1111159,12487390,5738538,482062,8731351,2371687,1849028,9336988,598095,2825070,557165,3967826,16385439,1865628,312337,4153054,3395079,1284522,4121774,238260
C05002_004E,1248961,355153,3135027,975303,6481442,2503715,956742,414365,323439,8170020,3447838,370856,751667,2247458,1723704,737826,974174,1161275,797589,419624,2169041,1320009,1598988,1275855,758870,1768131,442710,520261,1534480,675588,2064984,752911,2270116,3395310,239910,2277567,1263605,1735597,2420162,290523,1786075,268383,2242336,6021630,857907,278508,3057445,2663258,519863,1326143,321779
C05002_005E,36202,16287,98741,22442,520473,85938,129021,12757,12836,728511,136710,48045,14112,145027,43968,16992,25716,28535,29159,13407,87967,190787,72900,40294,20906,49027,8328,16107,53774,14609,208204,24084,508198,114270,6307,100594,40696,47059,208194,25356,52252,5076,58567,390750,27917,6950,153868,131856,10221,44439,4069
C05002_006E,5545,1599,11129,2385,37607,9032,96421,6304,2549,475688,30359,2124,1055,46121,8393,1432,2562,3640,4924,1061,12861,127042,11587,3762,5270,3341,360,1761,5329,3842,127794,2702,268747,29116,376,39198,3199,2729,135740,15442,11223,483,7538,70281,1592,625,28675,7416,1761,15864,51
C05002_007E,30657,14688,87612,20057,482866,76906,32600,6453,10287,252823,106351,45921,13057,98906,35575,15560,23154,24895,24235,12346,75106,63745,61313,36532,15636,45686,7968,14346,48445,10767,80410,21382,239451,85154,5931,61396,37497,44330,72454,9914,41029,4593,51029,320469,26325,6325,125193,124440,8460,28575,4018
C05002_008E,169972,58544,914400,142841,10688336,537066,519648,87509,95117,4086240,1023717,253414,94364,1826156,321308,148721,205720,157336,186369,44694,911582,1095953,652090,457185,72258,242761,21356,128390,558170,79959,1977325,196955,4530087,794684,28649,503911,235350,397293,837159,142324,232749,27845,331570,4671295,244467,28247,1018626,980158,29522,278981,21999
B19013_001E,44765,73355,51492,41995,64500,63909,71346,61255,75628,49426,51244,73486,48275,59588,50532,54736,53906,45215,45727,51494,75847,70628,51084,63488,40593,50238,49509,54996,52431,70303,72222,45382,60850,47830,60557,51075,48568,54148,55702,58073,47238,53017,47275,55653,62912,56990,66262,64129,42019,55638,60214
B19301_001E,24769,34352,26721,23589,31587,33563,39430,31441,50187,27697,26810,31052,24273,31867,26396,28628,28852,25082,25456,28437,37522,38130,27865,33425,21291,27384,27735,29000,27220,35925,37245,24388,34297,26801,34063,28001,25762,29117,30384,31888,25627,27624,26216,28210,25816,31216,34780,33486,23539,29563,31383
B17002_001E,4736333,720765,6671705,2887337,38398057,5339618,3480932,920355,638027,19850054,9943145,1394121,1622116,12559422,6417418,3021823,2830943,4290022,4541688,1292996,5863290,6558724,9698396,5366594,2896579,5901967,1007727,1842682,2850472,1288060,8781575,2044431,19283776,9790073,731354,11295340,3795764,3952077,12385716,1016343,4750144,829644,6440381,26846203,2947861,600659,8131328,7036725,1793096,5620223,572319
B17002_002E,0.081441275,0.0417154,0.082118139,0.078972077,0.066903359,0.05122108,0.050183686,0.05807433,0.091862884,0.066998357,0.076630181,0.053615145,0.059663427,0.062469754,0.065779103,0.054576327,0.056435965,0.077481654,0.087865129,0.052488948,0.046909329,0.054237684,0.069474994,0.04356413,0.104113853,0.064170809,0.062818601,0.052243415,0.065990124,0.036325171,0.049772279,0.087496228,0.069235714,0.071293442,0.053508971,0.068296749,0.070061785,0.068817991,0.058605655,0.057656716,0.072483487,0.066559874,0.073398918,0.066423397,0.048183412,0.044975602,0.054031765,0.057675552,0.080168045,0.052032633,0.045118195
B17002_003E,229648,19222,261529,140843,1396792,143700,88889,31279,22101,811389,443453,34854,60654,424230,235089,87945,91257,226880,237874,47944,128847,173893,406215,128930,154922,213071,39363,64051,102413,26851,217404,104604,754277,411025,18295,418169,158369,155143,423710,39101,205846,25379,276329,1098706,78803,12853,213625,204242,85039,161839,17953
B17002_004E,0.18495659,0.103406797,0.173725157,0.190662884,0.153436878,0.114905036,0.105405391,0.124256401,0.173190163,0.157021538,0.170467996,0.106148605,0.151376967,0.135615954,0.145413779,0.12158687,0.130302518,0.185093456,0.195950492,0.133503893,0.097347394,0.114667274,0.157721442,0.10182082,0.219958786,0.148339528,0.14615764,0.125534954,0.14672763,0.082330016,0.107738532,0.20437667,0.154017139,0.164231155,0.109618598,0.148239451,0.160923598,0.153597463,0.131602808,0.138767129,0.166461269,0.137493913,0.167365875,0.15851467,0.112574507,0.102077884,0.111832409,0.121903442,0.17934511,0.120629377,0.110821063
B17002_005E,253264,25890,331319,179466,1876972,199004,111641,32252,25822,1077177,506154,36687,76458,530033,286725,125904,122048,206104,238618,57242,176281,221692,432042,203853,182169,267295,45689,74055,142791,32030,311141,113796,847086,525695,24919,505929,205521,181502,477963,42350,240238,38295,347798,1413904,115016,29016,293079,264680,93780,228085,22472
B17002_006E,232748,30917,349591,163520,1892847,204582,107371,41470,22197,1043423,504807,41281,91509,538065,307322,137403,128564,221519,234237,65492,180418,216483,433299,197022,178119,263771,43484,75589,144751,37029,306420,114380,788024,524126,24295,492439,205901,172370,498833,35166,250100,36120,326925,1409863,125850,24626,292558,285697,100071,213111,21122
B17002_007E,246683,22749,335271,157077,1893248,223387,104811,34608,17277,1064250,491731,50708,96342,512847,313474,123750,126306,215053,226219,55163,208757,212603,452347,207958,160132,296081,45888,90582,153697,40341,308215,105427,777776,521135,27625,514162,195709,201877,520058,45784,243104,36782,334116,1373308,152069,28663,319174,317925,89911,255513,21096
B17002_008E,94147,11650,126877,65074,702744,87378,50600,14460,8815,420005,222439,18150,38564,212109,125050,53380,55048,82252,83892,22956,73587,85542,179159,84226,63290,111751,25082,33824,58641,12946,123772,44920,289261,203902,10083,205338,79257,72752,208352,16319,101952,13071,127121,505004,70073,10858,130268,113253,43563,106333,14049
B17002_009E,148528,17397,190918,86381,1018210,133608,58204,19771,10356,600448,285101,31246,61367,302671,177208,80997,74478,121147,117817,39148,119586,119151,252557,112134,83687,166768,33042,47385,83139,29754,173572,72140,446423,272448,17383,287862,114149,120314,305751,19911,147179,22679,203166,748707,87198,14425,173735,176295,55192,141488,16221
B17002_010E,795417,117931,1170456,522969,5970897,861863,444666,142722,59977,3594492,1725404,222839,321364,2004621,1201063,539721,492988,756132,739876,229143,817347,820522,1652843,836880,522008,1061799,182979,330211,540743,185183,1123518,350597,2757470,1709680,119025,1958532,707824,650510,2100183,151465,846335,156114,1162295,4473561,597583,95504,1247197,1103998,332464,956532,98306
B17002_011E,653702,92951,898133,386500,4510488,746561,426013,133084,67651,2635042,1270264,212412,239899,1662762,966715,498617,419306,614858,576646,195147,744165,791803,1395958,795675,368632,880036,148320,280462,417283,194323,1070654,239273,2411734,1278895,112824,1668494,520426,531520,1770678,125392,672482,132545,894481,3470119,478494,92711,1084538,964543,260067,902326,86699
B17002_012E,451292,80825,625920,261849,3510960,620042,389911,119490,51792,1896336,943702,180355,148123,1352398,706958,370528,327518,412413,425069,148688,666308,746990,1057369,678299,246462,641539,117338,221822,280040,178883,948793,186141,1984724,952343,89323,1271681,380951,410797,1427711,120278,483500,96303,633157,2539913,313689,77706,897468,751771,183031,700219,66117
B17002_013E,984536,245923,1484177,513993,11130013,1649644,1420806,268138,263640,4401995,2298555,452459,302939,3740658,1399722,724109,715808,866489,1009368,307397,2306065,2591867,2313177,1704116,454952,1337432,218618,457431,611144,471525,3469376,399923,6011246,2194014,225707,2716488,775198,1003406,3446192,318643,974539,183664,1333422,6656307,676035,165836,2783965,2200762,313434,1438652,162812
B06012_001E,4736333,720765,6671705,2887337,38398057,5339618,3480932,920355,638027,19850054,9943145,1394121,1622116,12559422,6417418,3021823,2830943,4290022,4541688,1292996,5863290,6558724,9698396,5366594,2896579,5901967,1007727,1842682,2850472,1288060,8781575,2044431,19283776,9790073,731354,11295340,3795764,3952077,12385716,1016343,4750144,829644,6440381,26846203,2947861,600659,8131328,7036725,1793096,5620223,572319
B06012_002E,876016,74532,1159043,550508,5891678,613549,366909,114360,110500,3116886,1694988,147984,245551,1703258,933181,367414,368879,794055,889946,172620,570776,752071,1529645,546431,637128,875495,147287,231321,418243,106046,946114,417834,2970032,1607835,80170,1674415,610828,607029,1629995,141035,790715,114071,1077900,4255517,331854,61314,909346,857801,321583,677964,63425
B06012_003E,486012,56807,680910,342986,3769819,403586,219012,73722,48019,2120600,1010961,77968,167967,1068098,594047,263307,250612,427623,472855,122734,356699,438175,865341,400875,360288,531066,89173,149644,287542,69059,617561,228176,1635110,1049821,49214,998368,411422,353872,976796,77516,490338,74415,674723,2823767,240866,53642,585637,550377,193851,441196,43594
B06012_004E,3374305,589426,4831752,1993843,28736560,4322483,2895011,732273,479508,14612568,7237196,1168169,1208598,9788066,4890190,2391102,2211452,3068344,3178887,997642,4935815,5368478,7303410,4419288,1899163,4495406,771267,1461717,2144687,1112955,7217900,1398421,14678634,7132417,601970,8622557,2773514,2991176,9778925,797792,3469091,641158,4687758,19766919,2375141,485703,6636345,5628547,1277662,4501063,465300
B06012_005E,3325756,302012,2616859,1783278,20992682,2280938,1932273,420106,236192,7078855,5450176,745708,780635,8438992,4407360,2160533,1663834,2996297,3561319,832156,2759777,4067554,7431772,3640148,2086529,3908864,547703,1198862,731976,547013,4592704,1089874,12159954,5591535,469706,8511281,2306131,1812837,9078876,585968,2754412,541172,3868174,15980048,1840525,305327,4032910,3327342,1259082,4022824,231867
B06012_006E,659480,44164,581861,349816,3383411,291752,194882,59072,56716,1372022,1084775,80010,121704,1167561,640065,233354,217756,572408,720447,117837,332318,426316,1184219,331079,499463,595093,84026,134744,132011,50236,498990,244861,1787299,1015068,49152,1276596,386080,293807,1155417,75040,538716,76319,710034,2698575,187645,30451,548448,432113,229037,447626,29692
B06012_007E,354404,29031,310060,216815,2018621,197607,116925,39065,29724,820233,587181,35662,84789,700880,414940,184955,146990,303867,381014,84176,184932,253283,661851,263269,277208,356241,48573,93322,88564,31005,305964,127849,937218,650270,28756,758500,253103,163657,702909,42495,328002,47739,425367,1716854,144221,29658,347864,268899,136550,309964,17514
B06012_008E,2311872,228817,1724938,1216647,15590650,1791579,1620466,321969,149752,4886600,3778220,630036,574142,6570551,3352355,1742224,1299088,2120022,2459858,630143,2242527,3387955,5585702,3045800,1309858,2957530,415104,970796,511401,465772,3787750,717164,9435437,3926197,391798,6476185,1666948,1355373,7220550,468433,1887694,417114,2732773,11564619,1508659,245218,3136598,2626330,893495,3265234,184661
B06012_009E,1208142,345027,3061228,941438,6309805,2444268,911537,400978,297940,8007661,3356130,352154,735018,2174985,1657284,700048,940068,1111969,769727,404852,2115296,1238757,1553360,1238757,723878,1708961,431434,502891,1510764,649909,2020339,737633,2163451,3301428,227968,2192048,1219366,1701384,2291186,267279,1718868,256236,2187220,5870845,838036,261872,2945109,2608778,496630,1279592,315101
B06012_010E,177165,24805,352654,164664,648660,223241,73239,41053,38765,877731,410654,33987,104124,245515,221137,100271,111726,178554,127938,45594,141533,115988,215200,121349,119739,225694,58532,63621,195849,44856,154990,114795,275343,408546,26383,284038,173623,237249,281414,33787,199037,31914,289543,582811,99858,25133,233285,271094,85445,173375,30092
B06012_011E,103025,20777,239351,104795,397564,137425,42190,26379,12881,660731,268681,22559,67569,151741,139232,60622,73971,103249,64896,33569,91984,55247,125512,78236,71946,147025,38464,35819,129548,32571,100644,66757,141694,271643,15640,177625,122020,135704,161857,17951,130935,22898,194089,409552,60343,21225,151070,166336,53522,96085,21323
B06012_012E,927952,299445,2469223,671979,5263581,2083602,796108,333546,246294,6469199,2676795,295608,563325,1777729,1296915,539155,754371,830166,576893,325689,1881779,1067522,1212648,1039172,532193,1336242,334438,403451,1185367,572482,1764705,556081,1746414,2621239,185945,1730385,923723,1328431,1847915,215541,1388896,201424,1703588,4878482,677835,215514,2560754,2171348,357663,1010132,263686
B06012_013E,35447,15970,97185,21946,511663,84100,125349,12549,12197,714479,132592,47425,14035,142052,42764,16618,24910,27581,28755,12859,85631,183601,71006,39224,19939,47127,8054,15861,53167,14005,204500,23767,491812,111944,6028,98498,39859,45950,200859,24614,49522,4891,57656,384704,27252,6724,149235,130090,9877,43524,3860
B06012_014E,6000,1051,10382,2549,57679,8004,31725,3123,1244,132224,21930,4475,2015,22482,6659,1389,3460,3921,4809,1581,7700,54591,12440,5709,4003,5359,1040,2134,4999,2446,40894,3461,118994,17511,510,19444,5150,6815,55297,8287,6470,722,9366,50025,3411,797,12604,13983,1607,10367,280
B06012_015E,2980,1649,8588,2209,39337,7474,15313,1262,282,90664,13754,2996,1868,12284,4700,1751,2587,2613,3495,1555,4023,28391,9883,3584,2076,3424,628,1386,4686,449,23534,2501,56807,12624,1278,12437,4432,4142,26465,3563,3818,885,5101,36106,3442,757,9042,11477,1440,3624,175
B06012_016E,26467,13270,78215,17188,414647,68622,78311,8164,10671,491591,96908,39954,10152,107286,31405,13478,18863,21047,20451,9723,73908,100619,48683,29931,13860,38344,6386,12341,43482,11110,140072,17805,316011,81809,4240,66617,30277,34993,119097,12764,39234,3284,43189,298573,20399,5170,127589,104630,6830,29533,3405
B06012_017E,166988,57756,896433,140675,10583907,530312,511773,86722,91698,4049059,1004247,248834,92428,1803393,310010,144624,202131,154175,181887,43129,902586,1068812,642258,448465,66233,237015,20536,125068,554565,77133,1964032,193157,4468559,785166,27652,493513,230408,391906,814795,138482,227342,27345,327331,4610606,242048,26736,1004074,970515,27507,274283,21491
B06012_018E,33371,4512,214146,33479,1801928,90552,67063,11112,13775,734909,177629,29512,17708,267700,65320,32400,35937,39172,36752,7608,89225,155176,117786,88294,13923,49349,3689,30822,85384,8508,251240,54717,788396,166710,4125,94337,45975,69158,137867,23921,46492,5116,68957,924106,40940,4933,115009,140611,5494,46596,3361
B06012_019E,25603,5350,122911,19167,1314297,61080,44584,7016,5132,548972,141345,16751,13741,203193,35175,15979,27064,17894,23450,3434,75760,101254,68095,55786,9058,24376,1508,19117,64744,5034,187419,31069,499391,115284,3540,49806,31867,50369,85565,13507,27583,2893,50166,661255,32860,2002,77661,103665,2339,31523,4582
B06012_020E,108014,47894,559376,88029,7467682,378680,400126,68594,72791,2765178,685273,202571,60979,1332500,209515,96245,139130,97109,121685,32087,737601,812382,456377,304385,43252,163290,15339,75129,404437,63591,1525373,107371,3180772,503172,19987,349370,152566,272379,591363,101054,153267,19336,208208,3025245,168248,19801,811404,726239,19674,196164,13548
B06009_001E,3282252,469523,4536954,1987819,26085263,3671853,2474718,652636,472884,14394281,6683767,985914,1065982,8661938,4363573,2074504,1888479,2988790,3095255,961240,4102486,4706644,6728347,3700935,1952337,4097212,706329,1232583,1968167,937214,6166384,1377548,13641473,6762644,492017,7896470,2557863,2804461,8895727,730083,3319832,563108,4473487,17472861,1741949,438654,5685318,4889314,1300347,3918997,388747
B06009_002E,496882,34616,630973,290071,4643510,323853,242268,72355,48249,1781252,925736,89995,106534,991602,514136,171665,183754,443964,476770,79599,425666,459349,662900,267306,322809,453624,45573,110626,283361,64641,674759,211608,1915867,909419,36968,813274,324658,279585,917150,90044,453855,50042,623805,3071142,147766,36469,629761,448231,182115,335544,30425
B06009_003E,1018063,128052,1110871,678452,5430081,796984,678916,194810,82181,4201879,1879302,267568,292667,2314192,1496775,664912,501278,1002541,1056533,314332,1029325,1184423,1979472,941170,605790,1269953,222399,331868,549151,267078,1757377,369807,3615023,1785510,135670,2664823,808375,654930,3174802,204295,977099,175958,1482137,4425654,421822,127127,1399157,1127649,529290,1223628,111830
B06009_004E,974431,167439,1537661,585915,7595982,1110240,605490,183542,74109,4318812,1878616,319157,389869,2502604,1264542,681336,604384,846111,843894,277756,1055881,1111183,2215502,1208452,617139,1232775,222183,417801,671974,271182,1416175,431671,3332120,2076658,175976,2303257,794826,968279,2162752,196926,998637,182223,1216465,5020691,617649,112986,1554356,1642541,334528,1247367,144458
B06009_005E,504626,87869,788933,278975,5285754,909032,535933,117581,112629,2620339,1244449,205033,189566,1757697,697223,377035,384495,406865,470739,187513,866352,1086715,1145546,847584,253036,706922,144135,244556,304948,205513,1437307,198116,2727078,1277412,105625,1329009,421765,566244,1611499,141131,575843,110562,719980,3266266,368302,97824,1209217,1059707,152256,742544,67108
B06009_006E,288250,51547,468516,154406,3129936,531744,412111,84348,155716,1471999,755664,104161,87346,1095843,390897,179556,214568,289309,247319,102040,725262,864974,724927,436423,153563,433938,72039,127732,158733,128800,880766,166346,2051385,713645,37778,786107,208239,335423,1029524,97687,314398,44323,431100,1689108,186410,64248,892827,611186,102158,369914,34926
B06009_007E,2149178,128626,1059278,1102536,10448525,1099017,1165940,235678,131978,3185165,3039392,449734,399091,5149130,2759158,1426651,969898,1976686,2305303,567114,1544256,2591155,4840481,2300154,1320776,2462918,333936,731919,198881,311689,2607541,591490,7445261,3383398,306417,5585001,1368211,974900,6219217,376509,1712045,335319,2367458,8575347,898454,196198,2298414,1777414,884706,2636240,127301
B06009_008E,345999,14090,144665,157799,929939,85479,76435,28092,18484,373182,488545,29061,27188,378755,283422,94503,71911,321998,374605,53114,166391,171309,407145,120712,231241,274065,22638,43359,20945,26501,182195,85238,617573,509958,23059,527016,146686,69159,578504,36028,292085,28795,366614,1099476,53171,20308,327938,119094,140087,180457,8916
B06009_009E,727920,45454,300599,405262,2494180,312401,382478,86002,47517,1043061,1058485,152911,129193,1519878,1044897,498212,291574,716252,835052,223262,527909,765001,1523692,671556,428254,842842,116976,214990,63419,113127,873365,190864,2162636,1065722,89293,2030845,468961,278096,2485527,120761,583729,115914,901697,2556046,237070,78985,751956,491111,384573,912279,38986
B06009_010E,641358,42684,397787,325347,3895387,374356,319641,67887,34452,1015169,847138,144995,151547,1709788,824782,486778,334645,549006,617180,167994,442671,715587,1707464,815892,407555,748115,103792,266638,72244,92891,671060,205716,2139401,1088936,109786,1700253,429985,370148,1537815,113486,499486,106274,618480,2778811,346637,52590,678010,669701,211755,868529,50225
B06009_011E,281845,20045,149222,140863,2102349,228020,237962,36593,17582,518515,418234,84188,66704,996873,415566,250142,184360,233264,329935,90026,254068,599730,780037,490987,161259,391452,66715,145920,29476,56105,593320,67432,1457310,507470,64947,878972,225526,182290,1040656,67418,228251,64951,315475,1512951,181529,33351,362588,350590,92842,478082,20686
B06009_012E,152056,6353,67005,73265,1026670,98761,149424,17104,13943,235238,226990,38579,24459,543836,190491,97016,87408,156166,148531,32718,153217,339528,422143,201007,92467,206444,23815,61012,12797,23065,287601,42240,1068341,211312,19332,447915,97053,75207,576715,38816,108494,19385,165192,628063,80047,10964,177922,146918,55449,196893,8488
B06009_013E,967622,282386,2611611,754712,5634741,2059296,759627,330906,250237,7051815,2677415,278057,580643,1790702,1316421,519990,730547,869518,611373,347262,1716153,1032466,1293015,1014318,559045,1406401,348318,387970,1225729,547389,1643124,596510,1784317,2633093,160259,1829430,971540,1461322,1814111,214108,1371616,203832,1793988,4642795,617990,215361,2408899,2179453,381998,1019249,242528
B06009_014E,104007,10888,185027,84426,352442,87655,40408,24771,12931,523555,190729,9578,47153,145931,145979,38442,50586,89981,56626,19940,92723,44431,132468,52203,71067,130331,20056,25312,99382,26438,99884,43341,126035,174412,10332,201541,101573,100005,144865,13584,99407,13667,172802,319011,31907,12617,127228,124894,38976,83177,15684
B06009_015E,256139,68972,616151,242853,977104,368235,149843,89969,25305,1988607,600670,48260,146127,374447,385186,136225,170413,252792,168405,80146,339526,152418,335643,190591,159396,380795,98593,92733,341604,137914,403628,139928,328635,565876,40489,526417,287196,305343,478878,46936,338998,54423,499079,998193,124200,42369,452239,448086,138019,249953,68051
B06009_016E,297920,104959,960047,239573,1789250,635322,174721,99377,28659,2298943,840814,101105,218470,477931,390631,171027,231437,268098,191302,96765,456754,200405,388347,307870,193521,437318,112291,132293,467548,161877,395856,193044,378418,844982,59363,505354,322433,519744,465797,53599,448599,71254,540447,1536820,222958,52887,671461,756789,113003,325843,90152
B06009_017E,194874,56971,528917,121532,1466883,595426,211503,64710,76458,1399780,647150,71547,113298,455722,240220,108827,172715,149720,116652,88427,429719,309250,249050,286468,81255,273179,72967,84157,202444,131668,431883,112749,516842,645268,35456,354440,169600,323234,412314,55042,306811,42183,353688,1140294,153359,59575,622460,522854,53189,224127,43577
B06009_018E,114682,40596,321469,66328,1049062,372658,183152,52079,106884,840930,398052,47567,55595,336671,154405,65469,105396,108927,78388,61984,397431,325962,187507,177186,53806,184778,44411,53475,114751,89492,311873,107448,434387,402555,14619,241678,90738,212996,312257,44947,177801,22305,227972,648477,85566,47913,535511,326830,38811,136149,25064
B06009_019E,26818,9275,70906,14734,356987,58951,101797,9279,9052,550022,96094,33296,9024,102184,31601,12274,19054,21065,21198,9740,58541,137306,50349,26227,13736,33683,6223,10829,40282,10725,165607,17499,396718,80329,3053,70739,27702,31857,159307,17800,40149,3789,40245,264490,19040,4851,104061,91839,7263,33541,2429
B06009_020E,1896,503,7490,1692,40810,3977,36774,1930,317,84945,9126,3356,615,20381,4117,1407,1995,1381,1675,911,2744,41847,6507,1423,1414,2544,282,1230,3540,1854,43811,1824,121540,8205,124,12686,2212,2636,49423,4384,3360,558,3897,35320,1082,182,6907,4981,295,5917,241
B06009_021E,6085,2785,15039,3295,65792,10895,31217,2783,410,150247,19022,7496,1940,24669,8197,4179,3857,5344,7662,2311,11933,37463,12673,6022,3632,7615,1626,1366,11373,1992,51490,2406,105792,18390,1221,18271,6391,5477,48365,4465,8717,974,11220,51284,3294,1226,16609,18900,2122,8639,649
B06009_022E,8324,3617,25777,4000,118831,20796,19983,2264,1603,181165,33556,11785,3420,25358,10607,2742,6681,7879,6041,2789,15935,28500,16703,8678,5478,12227,2326,3342,16050,2580,38194,6579,80540,26144,784,20276,11288,10529,32757,4465,14796,1350,10624,89164,7553,1389,30793,35767,3267,9253,820
B06009_023E,6595,1668,15243,3265,86010,14187,7628,1397,3624,92846,22708,7522,2220,19641,6236,2602,4153,3606,3636,2314,15911,15171,7970,6141,1763,6514,1298,3235,7115,2952,20368,3647,52031,16766,529,12180,5037,8722,18609,3598,8361,591,8958,58873,4640,1030,29230,21062,1147,6010,503
B06009_024E,3918,702,7357,2482,45544,9096,6195,905,3098,40819,11682,3137,829,12135,2444,1344,2368,2855,2184,1415,12018,14325,6496,3963,1449,4783,691,1656,2204,1347,11744,3043,36815,10824,395,7326,2774,4493,10153,888,4915,316,5546,29849,2471,1024,20522,11129,432,3722,216
B06009_025E,138634,49236,795159,115837,9645010,454589,447354,76773,81617,3607279,870866,224827,77224,1619922,256393,115589,168980,121521,157381,37124,783536,945717,544502,360236,58780,194210,17852,101865,503275,67411,1750112,172049,4015177,665824,22288,411300,190410,336382,703092,121666,196022,20168,271796,3990229,206465,22244,873944,840608,26380,229967,16489
B06009_026E,44980,9135,293791,46154,3320319,146742,88651,17562,16517,799570,237336,48000,31578,446535,80618,37313,59262,30604,43864,5634,163808,201762,116780,92968,19087,46684,2597,40725,159494,9848,348869,81205,1050719,216844,3453,72031,74187,107785,144358,36048,59003,7022,80492,1617335,61606,3362,167688,199262,2757,65993,5584
B06009_027E,27919,10841,179082,27042,1893005,105453,115378,16056,8949,1019964,201125,58901,15407,395198,58495,26296,35434,28153,45414,8613,149957,229541,107464,73001,14508,38701,5204,22779,132755,14045,428894,36609,1017960,135522,4667,89290,45827,66014,162032,32133,45655,4647,70141,820131,57258,4547,178353,169552,4576,52757,4144
B06009_028E,26829,16179,154050,16995,1792514,79766,91145,14014,9395,823535,157108,61272,16432,289527,38522,20789,31621,21128,29371,10208,140521,166691,102988,76012,10585,35115,3774,15528,116132,13834,311065,26332,733761,116596,6043,77374,31120,67858,126383,25376,35756,3345,46914,615896,40501,6120,174092,180284,6503,43742,3261
B06009_029E,21312,9185,95551,13315,1630512,71399,78840,14881,14965,609198,156357,41776,7344,285461,35201,15464,23267,20275,20516,6746,166654,162564,108489,63988,8759,35777,3155,11244,65913,14788,391736,14288,700895,107908,4693,83417,21602,51998,139920,15073,32420,2837,41859,554148,28774,3868,194939,165201,5078,34325,2342
B06009_030E,17594,3896,72685,12331,1008660,51229,73340,14260,31791,355012,118940,14878,6463,203201,43557,15727,19396,21361,18216,5923,162596,185159,108781,54267,5841,37933,3122,11589,28981,14896,269548,13615,511842,88954,3432,89188,17674,42727,130399,13036,23188,2317,32390,382719,18326,4347,158872,126309,7466,33150,1158
B08303_001E,1947966,346980,2740046,1214918,16663807,2545464,1688242,420305,336621,8386795,4323275,672298,689674,5826394,2954422,1510580,1354489,1838811,1957477,599783,2869306,3286508,4261636,2703648,1168792,2716357,454934,935676,1266883,650890,4110129,835084,8908793,4297256,386062,5181015,1674574,1723222,5725579,492895,2064668,405898,2842657,12007770,1317600,300782,3925375,3180512,698251,2793052,277027
B08303_002E,50688,26950,69539,59164,300341,73447,40494,9111,4645,142995,98835,14944,40439,156545,104067,107730,88893,71981,65476,28229,48309,84798,132817,102429,37247,91062,33451,59815,26345,21884,85078,28809,199067,124982,33060,182076,70686,66298,183918,12950,67258,33395,77013,308946,55493,15881,87369,89610,26703,120800,25958
B08303_003E,181551,60959,267312,168778,1302247,245566,162289,36911,14107,610328,332772,60801,111229,540715,351674,261650,228067,205766,208813,75261,166134,272421,455311,330703,130668,313355,81488,161465,102008,69651,308882,110216,654972,412518,85383,569616,228526,202684,570032,52315,191743,83393,270275,1153931,174445,37695,307946,300238,85113,384878,59887
B08303_004E,284878,68381,364314,214394,2078416,340907,248347,62692,25834,1005068,546563,84325,125184,703477,444511,277561,249712,280394,284270,92802,289962,394256,633457,396125,186980,400314,99900,174921,160031,92294,493244,148328,934323,640785,83273,752872,279977,276587,772686,72702,294879,81327,389884,1640772,222057,46951,473808,410198,104709,474764,66044
B08303_005E,0.432479828,0.636025131,0.411235432,0.534180085,0.371772429,0.419406049,0.425971514,0.420692116,0.249336791,0.362576407,0.380948933,0.3830236,0.570017139,0.372181147,0.476180451,0.600214487,0.592769672,0.47482694,0.457047005,0.489021863,0.295602142,0.359400312,0.448234903,0.463566263,0.471433754,0.457991346,0.677137783,0.607031708,0.39816384,0.414586182,0.341151579,0.531559699,0.315642871,0.450145628,0.724614181,0.454693144,0.520694816,0.475675218,0.410100882,0.434313596,0.434591905,0.685568788,0.423708875,0.414209299,0.519568913,0.492236902,0.371291151,0.405338197,0.46366278,0.515248552,0.713147094
B08303_006E,305660,51094,430443,175476,2411123,393424,256969,72459,53919,1377747,631447,94411,97244,744225,448393,211828,192909,284383,303670,79957,364241,414244,652352,400829,173127,413212,56640,136760,240621,90767,549669,125906,1102726,665649,42271,820607,262233,248264,813412,83496,324245,50756,463077,1728829,215982,43315,579770,456816,99792,403507,24433
B08303_007E,130718,15563,198237,63758,975048,175209,108624,28069,24702,543951,265759,32216,38925,352600,206213,88067,75805,121672,110685,38489,170686,182311,294744,190551,69553,188133,15987,54630,105445,37919,262469,43269,474545,302748,12268,414350,100673,114077,374231,34321,144934,17324,197646,673328,84155,18803,264369,205951,43130,190109,6051
B08303_008E,290935,23620,399111,136914,2514753,345632,215769,55668,67939,1419995,629055,113143,63534,786406,346841,136528,129222,232252,274301,66097,431812,472821,528005,343132,158280,366178,32195,85936,222800,79494,557772,100030,1253115,570786,18795,651134,205684,205454,751070,60019,296640,25385,391942,1815612,145805,33448,554432,420575,78525,302233,15018
B08303_009E,53685,4173,80628,22561,431268,77840,49819,8451,17632,263601,138094,16585,12118,191970,86552,28392,27256,55239,44819,17006,105984,103707,136686,85435,29116,78680,5086,14296,30033,19555,126394,15548,261785,131059,3112,172916,40178,43702,186290,14562,67596,3604,84137,329230,27205,9973,133468,102952,18997,78041,3437
B08303_010E,0.166590177,0.091768978,0.184238878,0.137642211,0.248230851,0.190839863,0.200159693,0.187575689,0.262898037,0.207546148,0.234075556,0.235664839,0.122850796,0.271646408,0.155558346,0.092079201,0.093317111,0.14800216,0.16824872,0.174941604,0.330536374,0.283660651,0.173556587,0.159185293,0.160600004,0.156859352,0.081271129,0.081298441,0.129101898,0.235531349,0.294795613,0.127453047,0.337265104,0.16117797,0.077370992,0.147893029,0.115769145,0.169468008,0.21875709,0.175343633,0.161752398,0.075284924,0.17638287,0.207119307,0.121333485,0.156881063,0.238417731,0.221673429,0.191985404,0.136068358,0.110195035
B08303_011E,149762,9641,214878,68522,1463338,202947,119757,30366,40750,744054,404634,60766,36175,600910,191963,54767,52312,111507,128080,46037,356384,346982,318169,183026,71078,190064,13522,31212,59112,54959,392475,43901,964983,301624,8843,318938,81783,118792,497075,32016,152584,12388,219331,1031090,70595,20369,364320,262835,52000,162202,9059
B08303_012E,83480,9710,127863,43068,1335836,132789,97671,21983,21720,471383,316906,52888,20585,515251,118318,34239,29837,65961,96114,24115,311082,314284,179323,100092,49543,95749,10516,18082,37584,47294,414556,25874,1083210,167692,9363,173426,46613,75636,362556,21231,80258,7437,132539,721112,39091,11997,291203,212394,39375,86740,8507
B08303_013E,34540,6911,50075,25172,635024,53083,57078,12082,5893,191897,126551,16959,10843,178204,52533,19728,15078,36943,58275,13772,126395,112709,78666,44442,30761,47592,7155,9512,27058,23018,211981,15598,496018,85373,7023,85754,27351,31731,165847,14029,33727,5110,48780,283028,19612,5227,116981,93886,23795,44749,9594
B08301_001E,2011723,363075,2899727,1253288,17633846,2740368,1773121,441183,358150,8880102,4555243,704914,734911,6094828,3063590,1574828,1413917,1898550,2014335,636271,3001281,3450540,4420474,2861003,1193907,2852887,484043,974005,1314988,696314,4285182,877360,9276438,4524800,404165,5381435,1739806,1839706,5977629,509823,2145374,430868,2954054,12556719,1394977,320350,4116194,3370945,721699,2912061,289163
B08301_002E,1900724,292315,2542375,1170475,14801601,2326195,1529902,393781,138789,7870575,4079763,570531,645370,4967687,2809492,1410780,1293653,1744081,1849208,562142,2479929,2677940,4043193,2473421,1129444,2582076,410997,885497,1161455,616917,3398378,793207,5501384,4109393,365990,4897312,1613058,1498350,5074697,451906,1979090,383195,2743054,11422701,1214192,272730,3564834,2772510,659957,2595255,252511
B08301_003E,1719972,246577,2234511,1035546,13031320,2095695,1391000,359029,120333,7075864,3626672,475067,566332,4485040,2545272,1274961,1168154,1559409,1667940,506801,2214171,2421011,3659421,2235350,1019853,2333610,360669,798234,1023007,564577,3078089,713810,4890301,3683161,331218,4478867,1435337,1309993,4563666,402631,1780011,347078,2478421,10145748,1057690,246467,3190412,2441853,597203,2365593,223552
B08301_004E,180752,45738,307864,134929,1770281,230500,138902,34752,18456,794711,453091,95464,79038,482647,264220,135819,125499,184672,181268,55341,265758,256929,383772,238071,109591,248466,50328,87263,138448,52340,320289,79397,611083,426232,34772,418445,177721,188357,511031,49275,199079,36117,264633,1276953,156502,26263,374422,330657,62754,229662,28959
B08301_005E,139697,36744,234459,101040,1311899,176306,113545,29196,13701,615670,342647,72380,62481,378304,211147,103474,94777,148452,132195,43697,205074,204316,304208,181848,84324,194092,39016,67331,104494,41685,229884,59883,471514,327185,25658,335132,137775,153765,401439,40335,157026,25213,204336,955877,117127,21496,279058,250122,52223,179219,21980
B08301_006E,25183,5506,43735,20192,261232,31894,14304,3028,2465,112664,62962,14529,10722,63656,29719,18009,17892,22762,31123,6554,36174,32580,50276,34299,16586,31323,6212,11823,19824,8155,47221,9750,76596,57063,5082,45319,23423,22235,61088,5298,26959,7388,40357,192583,20908,3028,57388,43342,6670,28776,4089
B08301_007E,9855,1910,14068,7640,108448,14120,6050,1559,1434,36448,24967,5014,2718,20968,10433,7367,6961,8117,9936,2008,12700,10053,16793,13110,3546,14833,3544,4722,7100,2012,21771,4696,35521,19655,2498,17784,8937,7214,25733,1064,9957,1620,11406,74192,10507,884,18351,15730,2396,11756,2262
B08301_008E,3814,1121,10713,3361,52218,5727,1912,483,533,18637,11347,2425,1439,11206,7281,4374,4488,3947,5295,1392,7779,4443,8179,5483,2724,5046,1212,2399,5040,301,12964,3669,16667,13795,938,11977,5704,2705,12485,1201,3273,1311,4910,37753,5313,482,10791,11407,845,6124,478
B08301_009E,2203,457,4889,2696,36484,2453,3091,486,323,11292,11168,1116,1678,8513,5640,2595,1381,1394,2719,1690,4031,5537,4316,3331,2411,3172,344,988,1990,187,8449,1399,10785,8534,596,8233,1882,2438,10286,1377,1864,585,3624,16548,2647,373,8834,10056,620,3787,150
B08301_010E,6066,5608,59686,5791,923600,80917,87516,12104,128135,195638,104957,49270,5905,566654,33240,21648,8983,21727,29758,4045,271533,364059,58866,103498,3834,44505,3774,7565,48883,6198,497417,8091,2650013,50306,1497,95698,6912,89224,338631,14844,10895,3455,24614,189234,37327,4073,194457,210545,7677,55722,6353
B08301_011E,5703,5050,54142,5405,613125,66811,44995,8897,48547,178777,79150,48483,5720,226985,25692,21230,8654,21358,27606,3716,127020,124807,56752,93881,3791,40807,3368,7180,48009,4788,278909,6866,558101,45173,1383,91645,6164,70023,231403,11728,9652,3308,22976,165694,23744,3748,90228,184245,6256,53532,6353
B08301_012E,46,191,3311,55,23864,2583,739,0,1111,1415,1058,142,88,2369,658,119,53,85,1589,0,1607,7070,815,1816,43,444,59,146,576,14,3201,178,9083,1041,0,1064,146,7578,7399,0,0,61,324,2223,2512,118,641,1250,98,47,0
B08301_013E,173,43,1238,171,196589,7868,1789,256,77461,8088,22719,455,10,189023,1971,0,95,7,63,27,122836,169784,614,5105,0,2510,0,192,242,188,82714,94,1798229,2015,101,1820,228,8212,41129,430,989,86,344,9631,2546,137,87470,4362,93,561,0
B08301_014E,81,7,853,160,80654,3422,39912,2889,976,7183,1794,39,0,147852,4679,150,0,162,356,154,19549,58873,208,2294,0,569,0,28,24,1080,121067,953,271421,1738,0,709,46,3129,58015,2647,193,0,742,10470,8428,56,15860,9184,1230,1189,0
B08301_015E,63,317,142,0,9368,233,81,62,40,175,236,151,87,425,240,149,181,115,144,148,521,3525,477,402,0,175,347,19,32,128,11526,0,13179,339,13,460,328,282,685,39,61,0,228,1216,97,14,258,11504,0,393,0
B08301_016E,548,1119,2841,540,13744,945,2167,0,1804,8118,8859,550,85,12492,1176,1349,929,467,1240,1064,8329,6318,3691,2151,217,2442,433,614,298,344,10378,93,55816,2344,300,3463,1541,1259,4912,654,1775,20,1768,5283,783,181,7422,1680,1269,2282,67
B08301_017E,1785,477,13779,2763,62174,5757,892,223,567,25722,4255,4758,2796,5448,4245,2680,1854,1166,2707,935,2379,4490,3828,4595,843,3449,1119,1395,4295,1281,2439,1745,6118,6570,438,3972,3258,5245,6208,488,2645,701,3409,19120,4723,438,5083,12887,697,6683,667
B08301_018E,1753,4051,29767,1678,192289,33714,4214,1653,14718,62969,9044,6458,5996,40329,14426,9100,4306,3730,11118,2022,9041,27201,19535,24702,1876,5927,7876,4733,5926,1995,13249,5327,61618,10219,878,14753,3949,46832,29661,1969,6136,2413,2646,30745,13713,2425,16904,32853,1137,23830,1784
B08301_019E,22130,28801,60638,22033,474323,77861,52826,9655,50165,126149,69170,29047,23518,185404,69969,54044,32791,46953,41099,24332,77065,173988,102456,77518,17702,53818,27183,27685,28644,19112,140033,20033,583151,79234,15532,127226,30382,69658,232461,18987,43809,13448,36170,195341,38820,18611,96587,123485,19763,92030,13285
B08301_020E,14960,14609,30960,11638,196076,20075,10725,2889,2443,97624,47227,11684,6004,48380,21874,10979,11973,20687,22347,5243,21030,32512,30067,17763,14876,24140,3552,8187,17382,5043,48235,6588,50693,39190,1427,38591,15474,12654,39009,4047,20318,2666,30996,145346,8042,2324,40088,26552,7751,17250,2360
B08301_021E,63757,16095,159681,38370,970039,194904,84879,20878,21529,493307,231968,32616,45237,268434,109168,64248,59428,59739,56858,36488,131975,164032,158838,157355,25115,136530,29109,38329,48105,45424,175053,42276,367645,227544,18103,200420,65232,116484,252050,16928,80706,24970,111397,548949,77377,19568,190819,190433,23448,119009,12136
